source_file	source_row	curated_id	curated_name	curated_id_occurrences	match_status	name_check	matched_species	reference_proteome_id	uniprot_accession	uniprot_entry_name	gene_name	protein_description	reference_fasta
20260729-curated-positive-adhesin-set-KN.csv	2	P0CU38	ALS2_CANAL	1	exact-unique	exact	Candida albicans SC5314	UP000000559	P0CU38	ALS2_CANAL	ALS2	Agglutinin-like protein 2	UP000000559-uniprot-2026_02.fasta
20260729-curated-positive-adhesin-set-KN.csv	3	Q5A8T4	ALS1_CANAL	1	exact-unique	exact	Candida albicans SC5314	UP000000559	Q5A8T4	ALS1_CANAL	ALS1	Agglutinin-like protein 1	UP000000559-uniprot-2026_02.fasta
20260729-curated-positive-adhesin-set-KN.csv	4	A0A1D8PQB9	ALS4_CANAL	1	exact-unique	exact	Candida albicans SC5314	UP000000559	A0A1D8PQB9	ALS4_CANAL	ALS4	Agglutinin-like protein 4	UP000000559-uniprot-2026_02.fasta
20260729-curated-positive-adhesin-set-KN.csv	5	Q5A2Z7	ALS6_CANAL	1	exact-unique	exact	Candida albicans SC5314	UP000000559	Q5A2Z7	ALS6_CANAL	ALS6	Agglutinin-like protein 6	UP000000559-uniprot-2026_02.fasta
20260729-curated-positive-adhesin-set-KN.csv	6	Q5A8T7	ALS5_CANAL	1	exact-unique	exact	Candida albicans SC5314	UP000000559	Q5A8T7	ALS5_CANAL	ALS5	Agglutinin-like protein 5	UP000000559-uniprot-2026_02.fasta
20260729-curated-positive-adhesin-set-KN.csv	7	A0A1D8PQ86	ALS9_CANAL	1	exact-unique	exact	Candida albicans SC5314	UP000000559	A0A1D8PQ86	ALS9_CANAL	ALS9	Agglutinin-like protein 9	UP000000559-uniprot-2026_02.fasta
20260729-curated-positive-adhesin-set-KN.csv	8	Q59L12	ALS3_CANAL	1	exact-unique	exact	Candida albicans SC5314	UP000000559	Q59L12	ALS3_CANAL	ALS3	Agglutinin-like protein 3	UP000000559-uniprot-2026_02.fasta
20260729-curated-positive-adhesin-set-KN.csv	9	Q59PF9	HWP2_CANAL	1	exact-unique	exact	Candida albicans SC5314	UP000000559	Q59PF9	HWP2_CANAL	HWP2	Hyphal wall protein 2	UP000000559-uniprot-2026_02.fasta
20260729-curated-positive-adhesin-set-KN.csv	10	Q5A312	ALS7_CANAL	1	exact-unique	exact	Candida albicans SC5314	UP000000559	Q5A312	ALS7_CANAL	ALS7	Agglutinin-like protein 7	UP000000559-uniprot-2026_02.fasta
20260729-curated-positive-adhesin-set-KN.csv	11	Q5AAL9	IFF4_CANAL	1	exact-unique	exact	Candida albicans SC5314	UP000000559	Q5AAL9	IFF4_CANAL	IFF4	Cell wall protein IFF4	UP000000559-uniprot-2026_02.fasta
20260729-curated-positive-adhesin-set-KN.csv	12	Q5AL03	HYR1_CANAL	1	exact-unique	exact	Candida albicans SC5314	UP000000559	Q5AL03	HYR1_CANAL	HYR1	Hyphally regulated cell wall protein 1	UP000000559-uniprot-2026_02.fasta
20260729-curated-positive-adhesin-set-KN.csv	13	G1UBC2	PGA47_CANAL	1	exact-unique	exact	Candida albicans SC5314	UP000000559	G1UBC2	PGA47_CANAL	EAP1	Cell wall adhesin EAP1	UP000000559-uniprot-2026_02.fasta
20260729-curated-positive-adhesin-set-KN.csv	14	P08640	FLO11_YEAST	1	exact-unique	exact	Saccharomyces cerevisiae S288C	UP000002311	P08640	FLO11_YEAST	FLO11	Flocculation protein FLO11	UP000002311-uniprot-2026_02.fasta
20260729-curated-positive-adhesin-set-KN.csv	15	P38894	FLO5_YEAST	1	exact-unique	exact	Saccharomyces cerevisiae S288C	UP000002311	P38894	FLO5_YEAST	FLO5	Flocculation protein FLO5	UP000002311-uniprot-2026_02.fasta
20260729-curated-positive-adhesin-set-KN.csv	16	P32768	FLO1_YEAST	1	exact-unique	exact	Saccharomyces cerevisiae S288C	UP000002311	P32768	FLO1_YEAST	FLO1	Flocculation protein FLO1	UP000002311-uniprot-2026_02.fasta
20260729-curated-positive-adhesin-set-KN.csv	17	P39712	FLO9_YEAST	1	exact-unique	exact	Saccharomyces cerevisiae S288C	UP000002311	P39712	FLO9_YEAST	FLO9	Flocculation protein FLO9	UP000002311-uniprot-2026_02.fasta
20260729-curated-positive-adhesin-set-KN.csv	18	P36170	FLO10_YEAST	1	exact-unique	exact	Saccharomyces cerevisiae S288C	UP000002311	P36170	FLO10_YEAST	FLO10	Flocculation protein FLO10	UP000002311-uniprot-2026_02.fasta
20260729-curated-positive-adhesin-set-KN.csv	19	P20840	SAG1_YEAST	1	exact-unique	exact	Saccharomyces cerevisiae S288C	UP000002311	P20840	SAG1_YEAST	SAG1	Alpha-agglutinin	UP000002311-uniprot-2026_02.fasta
20260729-curated-positive-adhesin-set-KN.csv	20	Q5AF39	PGA59_CANAL	1	exact-unique	exact	Candida albicans SC5314	UP000000559	Q5AF39	PGA59_CANAL	PGA59	Cell wall protein PGA59	UP000000559-uniprot-2026_02.fasta
20260729-curated-positive-adhesin-set-KN.csv	21	Q05164	HPF1_YEAST	1	exact-unique	exact	Saccharomyces cerevisiae S288C	UP000002311	Q05164	HPF1_YEAST	HPF1	Haze protective factor 1	UP000002311-uniprot-2026_02.fasta
20260729-curated-positive-adhesin-set-KN.csv	22	Q5A5K7	PGA28_CANAL	1	exact-unique	exact	Candida albicans SC5314	UP000000559	Q5A5K7	PGA28_CANAL	PGA28	Probable GPI-anchored adhesin-like protein PGA28	UP000000559-uniprot-2026_02.fasta
20260729-curated-positive-adhesin-set-KN.csv	23	Q5A5M7	RBR3_CANAL	1	exact-unique	exact	Candida albicans SC5314	UP000000559	Q5A5M7	RBR3_CANAL	RBR3	Cell wall protein RBR3	UP000000559-uniprot-2026_02.fasta
20260729-curated-positive-adhesin-set-KN.csv	24	Q59XA7	HYR3_CANAL	1	exact-unique	exact	Candida albicans SC5314	UP000000559	Q59XA7	HYR3_CANAL	HYR3	Hyphally regulated cell wall protein 3	UP000000559-uniprot-2026_02.fasta
20260729-curated-positive-adhesin-set-KN.csv	25	Q5A029	IFF3_CANAL	1	exact-unique	exact	Candida albicans SC5314	UP000000559	Q5A029	IFF3_CANAL	IFF3	Cell wall protein IFF3	UP000000559-uniprot-2026_02.fasta
20260729-curated-positive-adhesin-set-KN.csv	26	Q5A6U1	IFF9_CANAL	1	exact-unique	exact	Candida albicans SC5314	UP000000559	Q5A6U1	IFF9_CANAL	IFF9	Cell wall protein IFF9	UP000000559-uniprot-2026_02.fasta
20260729-curated-positive-adhesin-set-KN.csv	27	Q59XL0	IFF6_CANAL	1	exact-unique	exact	Candida albicans SC5314	UP000000559	Q59XL0	IFF6_CANAL	IFF6	Cell wall protein IFF6	UP000000559-uniprot-2026_02.fasta
20260729-curated-positive-adhesin-set-KN.csv	28	Q59XB0	IFF8_CANAL	1	exact-unique	exact	Candida albicans SC5314	UP000000559	Q59XB0	IFF8_CANAL	IFF8	Cell wall protein IFF7	UP000000559-uniprot-2026_02.fasta
20260729-curated-positive-adhesin-set-KN.csv	29	P32323	AGA1_YEAST	1	exact-unique	exact	Saccharomyces cerevisiae S288C	UP000002311	P32323	AGA1_YEAST	AGA1	A-agglutinin anchorage subunit	UP000002311-uniprot-2026_02.fasta
20260729-curated-positive-adhesin-set-KN.csv	30	P46593	HWP1_CANAL	1	exact-unique	exact	Candida albicans SC5314	UP000000559	P46593	HWP1_CANAL	HWP1	Hyphal wall protein 1	UP000000559-uniprot-2026_02.fasta
20260729-curated-positive-adhesin-set-KN.csv	31	Q5A849	HYR4_CANAL	1	exact-unique	exact	Candida albicans SC5314	UP000000559	Q5A849	HYR4_CANAL	HYR4	Hyphally regulated cell wall protein 4	UP000000559-uniprot-2026_02.fasta
