"","ID","Name","FungalRV Score","failed_tests","pfam_domains","unique_domains","uncertain_domains (E-value)","S/T Frequency","Max window S/T frequency","Average B-aggregation per residue","B-agg sequences","B-agg seq count","TR Percentage"
"1","68492535","ref","2.6901994","SignalP, PredGPI","Candida_ALS (1-20), Candida_ALS (25-56), Candida_ALS (61-92), Candida_ALS (97-128), Candida_ALS (133-164), Candida_ALS (169-200), Candida_ALS (205-236), Candida_ALS (241-272), Candida_ALS (277-308), Candida_ALS (313-344), Candida_ALS (349-380), Candida_ALS (385-416), Candida_ALS (421-452), Candida_ALS (457-488), Candida_ALS (493-524), Candida_ALS (529-560), Candida_ALS (565-596), Candida_ALS (601-629), Reductase_C (569-621)","Candida_ALS, Reductase_C",NA,"0.367","0.367","105.55",NA,"0","1"
"2","10441575","gb","2.6380905","SignalP, PredGPI","Candida_ALS (10-41), Candida_ALS (46-77), Candida_ALS (82-113), Candida_ALS (118-149), Candida_ALS (154-185), Candida_ALS (190-221)","Candida_ALS","Sel_put (0.0064), Reductase_C (0.014), SplA (0.079), PAC1 (0.19), NA37 (0.26)","0.341","0.341","4.44",NA,"0","0.951"
"3","68487395","ref","2.5706895","SignalP, PredGPI","Candida_ALS (39-72), Candida_ALS (76-107), Candida_ALS (112-143), Candida_ALS (149-180), Candida_ALS (185-216), Candida_ALS (221-252), Candida_ALS (257-288), Candida_ALS (293-324), Candida_ALS (329-360), Candida_ALS (365-396), Candida_ALS (401-432), Candida_ALS (437-468), Candida_ALS (473-504), Candida_ALS (509-540), Candida_ALS (545-576), Candida_ALS (581-612), Candida_ALS (617-648), Candida_ALS (653-684), Candida_ALS (689-720), Candida_ALS (725-756), Candida_ALS (761-792), Candida_ALS (797-828), Candida_ALS (833-863), Reductase_C (729-791), Reductase_C (801-838)","Candida_ALS, Reductase_C",NA,"0.371","0.371","2107.21","ATTLTI, GITIVVTT, ISIVSTV, ITTSYVGVT, IYACV, TATVII, TATVII, TATVII, TATVIV","9","0.722"
"4","225125691","gb","2.4185304","SignalP, PredGPI","Flocculin_t3 (35-74), Flocculin_t3 (100-139)","Flocculin_t3","NRF (0.12), Ivy (0.16), CFEM (0.51), DUF2155 (9.3)","0.388","0.388","1914.05","TIYTT, TTVITVT, TTVVTVT, VTTGVIVITS, VTTGVVVVT, VYTTF","6","0"
"5","224807799","gb","2.4122494","SignalP, PredGPI","Flocculin_t3 (35-74), Flocculin_t3 (100-139)","Flocculin_t3","NRF (0.13), Ivy (0.17), CFEM (0.52), DUF2155 (9.4)","0.386","0.386","1914.01","TIYTT, TTVITVT, TTVVTVT, VTTGVIVITS, VTTGVVVVT, VYTTF","6","0"
"6","224807797","gb","2.2732355","SignalP, PredGPI","Flocculin_t3 (36-75), Flocculin_t3 (101-140)","Flocculin_t3","NRF (0.12), Ivy (0.16), CFEM (0.5), DUF2155 (9)","0.387","0.387","1914.53","TIYTT, TTVITVT, TTVVTVT, VTTGVIVITS, VTTGVVVVT, VYTTF","6","0"
"7","34740099","gb","1.6300305","SignalP, PredGPI","Candida_ALS (1-30), Candida_ALS (36-67), Candida_ALS (72-103), Candida_ALS (108-139), Candida_ALS (144-175), Candida_ALS (180-211)","Candida_ALS",NA,"0.374","0.374","2935.33","FSFITSTV, ITLISY, LFSVSV, SMVFSISVLG, SMVFTY, TIITTQFW, TITVVT, YSLWMMAFYMLFGL, YVSVSFTV","9","0.315"
"8","Q6FUW4","Q6FUW4_CANGA","1.4453274","SignalP, PredGPI","Hpf1_C (890-924), Hpf1_C (946-980), Hpf1_C (1002-1036), Hpf1_C (1058-1092), GLEYA (154-251), PA14 (136-260)","Hpf1_C, GLEYA, PA14","EF_0837-like_N (1.7)","0.3","0.6","4477.06","FTSYFF, GIISTITTTI, IALFCWTFFLQAL, LFYVN, LSSIFIWTIITVLV, LTVFLVSGIY, TLTYTNFTMILYGYF, TTTVTVTV","8","0.656"
"9","3598676","gb","1.3324796","SignalP, PredGPI","Candida_ALS (5-35)","Candida_ALS",NA,"0.371","0.371","1808.68","ATTLTI, ISIVSTI, IVQYSAWLYVLLTAISIF, TATVV","4","0.057"
"10","46442440","gb","1.0269234","SignalP, PredGPI","PH (1527-1635), PH_12 (1557-1632)","PH, PH_12",NA,"0.169","0.169","1369.29","FILTL, FTLTL, ILNLL, INFISIW, NLSKVVDLIYV, VNLYL, WVNLML","7","0.013"
"11","18377603","gb","1.0007765","SignalP, PredGPI","MSG (20-56), MSG (106-181), MSG (223-311)","MSG","DUF4168 (0.11), VBS_C3G9 (0.16), RnlA_toxin_N (0.27), YtxH (3)","0.048","0.048","1351.72","ATALLALLI, GIIYI, ILLALIL","3","0.078"
"12","Q00048","Q00048_AJEDE","1.0007061","SignalP, PredGPI","Antifungal_prot (7-32), Antifungal_prot (34-57), Antifungal_prot (59-82), Antifungal_prot (84-107), EGF_3 (134-163), cEGF (152-172)","Antifungal_prot, EGF_3, cEGF","EGF_CA (0.019), Cass2 (0.27)","0.059","0.18","347.35","FLVFT","1","0.539"
"13","3925194","gb","1.0004365","SignalP, PredGPI","Candida_ALS_N (1-52)","Candida_ALS_N",NA,"0.212","0.212","120.53","VSTLFV","1","0"
"14","576627","gb","1.0001667","SignalP, PredGPI","ADH_zinc_N (184-313), ADH_N (32-144), ADH_zinc_N_2 (216-346), adh_short (174-256)","ADH_zinc_N, ADH_N, ADH_zinc_N_2, adh_short","AlaDh_PNT_C (0.21)","0.091","0.091","456.85","GVVVGM, ILCAGVTVY, LLINV, VVLVG","4","0"
"15","17148336","gb","0.99999943","SignalP, PredGPI","Gp_dh_C (157-314), Gp_dh_N (3-105), DapB_N (3-124)","Gp_dh_C, Gp_dh_N, DapB_N","2-Hacid_dh_C (0.18)","0.142","0.142","882.95","LISWY, MFVMGV, VFTTT, VLDLIAYIAKV","4","0"
"16","1177215","gb","0.99997193","SignalP, PredGPI",NA,NA,"DUF6115 (0.84), DUF6362 (5.4)","0.203","0.203","347.18","FQVIV, MIVNL, VNVIYA","3","0"
"17","4558517","gb","0.99982622","SignalP, PredGPI","Cpn60_TCP1 (60-566)","Cpn60_TCP1",NA,"0.144","0.144","1381.8","ALAVCIL, GVITV, ILTNATVF, LIVLS, PLVIIA","5","0.031"
"18","37694918","gb","0.99974562","SignalP, PredGPI","PH (842-965)","PH","LIAS_N (1.8)","0.148","0.148","2769.31","FTLTL, GLLFIRVIEI, LITSIV, LSAFFY, LSFLIYS, VFNCLAWLYY, VTVNVF, WCLYVL, YGLLI","9","0"
"19","46442575","gb","0.99953923","SignalP, PredGPI","PH (1526-1634)","PH","PH_12 (0.012)","0.168","0.168","1367.67","FILTL, FTLTL, ILNLL, INFISIW, NLSKVVDLIYV, VNLYL, WVNLML","7","0.013"
"20","226292555","gb","0.99948477","SignalP, PredGPI","Enolase_C (143-436), Enolase_N (3-134), MR_MLE_C (268-397)","Enolase_C, Enolase_N, MR_MLE_C","EF-hand_7 (0.039), MAAL_C (0.048)","0.112","0.112","1194.89","AILGVSLAIA, AWSYYF, VVVGL, WGVMV, YAIVSI","5","0"
"21","40805818","gb","0.99944763","SignalP, PredGPI","TIM (5-248)","TIM",NA,"0.112","0.112","1449.7","AIYLVLA, ITWTLA, IWAIG, LNVILCI, VVIAY","5","0"
"22","187608862","sp","0.98997164","SignalP, PredGPI","PH (1577-1685), PH_12 (1607-1682)","PH, PH_12",NA,"0.171","0.171","1368.63",NA,"0","0.012"
