,ID,Name,FungalRV Score,pfam_domains,unique_domains,uncertain_domains (E-value),S/T Frequency,Max window S/T frequency,Average B-aggregation per residue,B-agg sequences,B-agg seq count,TR Percentage
1,UPI000042E54F,gb,2.4187344,"Candida_ALS_N (53-298), Candida_ALS (328-361), Candida_ALS (365-396), Candida_ALS (401-432), Candida_ALS (438-469), Candida_ALS (474-505), Candida_ALS (510-541), Candida_ALS (546-577), Candida_ALS (582-613), Candida_ALS (618-649), Candida_ALS (654-685), Candida_ALS (690-721), Candida_ALS (726-757), Candida_ALS (762-792)","Candida_ALS_N, Candida_ALS",NA,0.368,0.368,3499.13,"FTLLFLYLSIA, GIVIVATT, ITGVF, ITTSYVGVT, TATVIV, TVIIY, TWLYGLITLLSLF, VTTLFV",8,0.337
2,UPI000042DC7B,gb,2.4127489,"Candida_ALS_N (53-298), Candida_ALS (328-361), Candida_ALS (365-396), Candida_ALS (401-432), Candida_ALS (438-469), Candida_ALS (474-505), Candida_ALS (510-541), Candida_ALS (546-577), Candida_ALS (582-613), Candida_ALS (618-649), Candida_ALS (654-685), Candida_ALS (690-721), Candida_ALS (726-757), Candida_ALS (762-792)","Candida_ALS_N, Candida_ALS",NA,0.368,0.368,3501.03,"FTLLFLYLSIA, GIVIVATT, ITGVF, ITTSYVGVT, TATVIV, TVIIY, TWLYGLITLLSLF, VTTLFV",8,0.35
3,Q9Y8F2,gb,2.362817,"Candida_ALS_N (54-301), Candida_ALS (331-364), Candida_ALS (368-399), Candida_ALS (404-435), Candida_ALS (441-472), Candida_ALS (477-508), Candida_ALS (513-544), Candida_ALS (549-580), Candida_ALS (585-616), Candida_ALS (621-652)","Candida_ALS_N, Candida_ALS",NA,0.387,0.387,4778.99,"AAVVVTT, FIATL, FISVALFFF, FSTLV, IGGTATVVV, ITTSYV, LITTY, LIYFWTSYT, LSISFITSTV, LSSLVVAS, SFIITY, SLVYFA, TFTLV, TITSIW, TWTAVLGW, VFTSF, VILLHLFFYCTIAMA",17,0.292
4,P46590,sp,2.3619074,"Candida_ALS_N (53-298), Candida_ALS (328-361), Candida_ALS (365-396), Candida_ALS (401-432), Candida_ALS (438-469), Candida_ALS (474-505), Candida_ALS (510-541), Candida_ALS (546-577), Candida_ALS (582-613), Candida_ALS (618-649), Candida_ALS (654-685), Candida_ALS (690-721), Candida_ALS (726-757), Candida_ALS (762-792)","Candida_ALS_N, Candida_ALS",Reductase_C (0.19),0.369,0.369,3542.78,NA,0,0.34
5,O13368,gb,2.2821801,"Candida_ALS_N (53-298), Candida_ALS (328-361), Candida_ALS (365-396), Candida_ALS (401-432), Candida_ALS (438-469), Candida_ALS (474-505), Candida_ALS (510-541), Candida_ALS (546-577), Candida_ALS (582-613), Candida_ALS (618-649)","Candida_ALS_N, Candida_ALS",NA,0.382,0.382,3366.28,"FIATL, FISVALFFF, FSTLV, GIVIVATT, IATLYV, IAVNF, ITTSYVGVT, LITTYA, LSISFITSTV, QFTLLFLYLSFATA, TATVIV, VVNSILL",12,0.319
6,Q5A2Z7,UPI000042C35B,2.2499368,"Candida_ALS_N (54-301), Candida_ALS (331-364), Candida_ALS (368-399), Candida_ALS (404-435), Candida_ALS (441-472), Candida_ALS (477-508), Candida_ALS (513-544), Candida_ALS (549-580)","Candida_ALS_N, Candida_ALS",NA,0.388,0.388,5118.06,"AAVVVTT, FIATL, FISVALFFF, FSTLV, IGGTATVVV, ISFITSTV, ITTSYV, LITTY, LIYFWTSYT, LSSLVVAS, LSVFVS, SFIITY, SLVYFA, TFTLV, TITSIW, TVILLHLFFYCTIAMA, TWTAVLGW, VFTSF",18,0.239
7,Q5A2Z7,UPI000171F235,2.2371863,"Candida_ALS_N (54-301), Candida_ALS (331-364), Candida_ALS (368-399), Candida_ALS (404-435), Candida_ALS (441-472), Candida_ALS (477-508), Candida_ALS (513-544), Candida_ALS (549-580)","Candida_ALS_N, Candida_ALS",NA,0.389,0.389,5088.23,"AAVVVTT, FIATL, FISVALFFF, FSTLV, IGGTATVVV, ISFITSTV, ITTSYV, LITTY, LIYFWTSYT, LSSLVVAS, LSVFVS, SFIITY, SLVYFA, TITSIW, TVILLHLFFYCTIAMA, TWTAVLGW, VFTSF",17,0.239
8,O72081,29293655,2.2293974,"Candida_ALS_N (54-301), Candida_ALS (331-364), Candida_ALS (368-399), Candida_ALS (404-435), Candida_ALS (441-472), Candida_ALS (477-508), Candida_ALS (513-544), Candida_ALS (549-580)","Candida_ALS_N, Candida_ALS",NA,0.387,0.387,4961.86,"AAVVVTT, FIATL, FISVALFFF, FSTLV, IGGTATVVV, ISFITSTV, ITTSYV, LITTY, LIYFWTSYT, LSSLVVAS, LSVFVS, SFIITY, SLVYFA, TFTLV, TITSIW, TVILLHLFFYCTIAMA, VFTSF",17,0.239
9,Q6Y8G2,34740095,2.1981057,"Candida_ALS (332-363), Candida_ALS (366-398), Candida_ALS (403-434), Candida_ALS (440-471), Candida_ALS (476-507), Candida_ALS (512-543), Candida_ALS (548-579), Candida_ALS (584-615), Candida_ALS (620-651), Candida_ALS (656-687), Candida_ALS (692-723), Candida_ALS (728-759), Candida_ALS (764-795), Candida_ALS (800-831), Candida_ALS (836-867), Candida_ALS (872-903), Candida_ALS (908-939), Candida_ALS (944-975), Candida_ALS (980-1011), Candida_ALS (1016-1047), Candida_ALS_N (54-299)","Candida_ALS, Candida_ALS_N",NA,0.348,0.348,5891.59,"FSFITSAV, FTSFF, ITLISY, LAFGLVVS, LFSVSV, LYLLYLLASFTTVIS, SLIWSYTY, SMVFSISVLG, SMVFTY, TATVFI, TFTLV, TIITTQFW, TILVL, TITVVT, TVTFF, TWYYT, VFGSVI, YSLWMMAFYMLFGL, YVSVSLTV",19,0.398
10,Q5A8T7,29373081,2.1927036,"Candida_ALS_N (53-298), Candida_ALS (328-361), Candida_ALS (365-396), Candida_ALS (401-432), Candida_ALS (438-469), Candida_ALS (474-505), Candida_ALS (510-541), Candida_ALS (546-577), Candida_ALS (582-613)","Candida_ALS_N, Candida_ALS",NA,0.38,0.38,3633.6,"FIATL, FISVALFFF, GIVIVATT, IATLYV, IAVNF, ITTSYVGVT, LITTYA, QFTLLFLYLSFATA, TATVIV, TVTTTVFW, VVNSILL",11,0.284
11,UPI000042FC4A,46439750,2.1553576,"Candida_ALS_N (53-298), Candida_ALS (328-361), Candida_ALS (365-396), Candida_ALS (401-432), Candida_ALS (438-469), Candida_ALS (474-505), Candida_ALS (510-541), Candida_ALS (546-577)","Candida_ALS_N, Candida_ALS",NA,0.379,0.379,3226.08,"FIATL, FISVALFFF, GIVIVATT, IATLYV, IAVNF, ITTSYVGVT, LITTYA, QFTLLFLYLSFATA, TATVIV, VVNSILL",10,0.265
12,UPI000042F98B,68486888,2.1464562,"Candida_ALS (327-360), Candida_ALS (364-395), Candida_ALS (400-431), Candida_ALS (437-468), Candida_ALS (473-504), Candida_ALS (509-540), Candida_ALS (545-576), Candida_ALS (581-612), Candida_ALS (617-648), Candida_ALS (653-684), Candida_ALS (689-720), Candida_ALS (725-756), Candida_ALS (761-792), Candida_ALS (797-828), Candida_ALS (833-864), Candida_ALS (869-900), Candida_ALS (905-936), Candida_ALS (941-972), Candida_ALS (977-1008), Candida_ALS (1013-1044), Candida_ALS (1049-1080), Candida_ALS (1085-1116), Candida_ALS (1121-1152), Candida_ALS (1157-1188), Candida_ALS (1193-1224), Candida_ALS (1229-1260), Candida_ALS (1265-1295), Candida_ALS_N (53-297), Reductase_C (765-819), Reductase_C (837-902)","Candida_ALS, Candida_ALS_N, Reductase_C",NA,0.35,0.35,4326.3,"GFVIVATT, ITTSYVGVT, LLQFLLLSLCVSVAT, TATVII, TATVIV, TTLWSTTWVI, TTTTII, TTTVI, TVIIY, VIQHSTWLCGLITLLSLF, VITGVF, VVFTT",12,0.588
13,P0CU38,68486929,2.1445625,"Candida_ALS (327-360), Candida_ALS (364-395), Candida_ALS (400-431), Candida_ALS (437-468), Candida_ALS (473-504), Candida_ALS (509-540), Candida_ALS (545-576), Candida_ALS (581-612), Candida_ALS (617-648), Candida_ALS (653-684), Candida_ALS (689-720), Candida_ALS (725-756), Candida_ALS (761-792), Candida_ALS (797-828), Candida_ALS (833-864), Candida_ALS (869-900), Candida_ALS (905-936), Candida_ALS (941-972), Candida_ALS (977-1008), Candida_ALS (1013-1044), Candida_ALS (1049-1080), Candida_ALS (1085-1116), Candida_ALS (1121-1152), Candida_ALS (1157-1188), Candida_ALS (1193-1224), Candida_ALS (1229-1260), Candida_ALS (1265-1295), Candida_ALS_N (53-297), Reductase_C (765-819), Reductase_C (837-902)","Candida_ALS, Candida_ALS_N, Reductase_C",NA,0.351,0.351,4325.19,"GFVIVATT, ITTSYVGVT, LLQFLLLSLCVSVAT, TATVII, TATVIV, TTLWSTTWVI, TTTTII, TTTVI, TVIIY, VIQHSTWLCGLITLLSLF, VITGVF, VVFTT",12,0.589
14,A0A1D8PQ86,30841438,2.1314739,"Candida_ALS (364-395), Candida_ALS (401-431), Candida_ALS (437-468), Candida_ALS (473-504), Candida_ALS (509-540), Candida_ALS (545-576), Candida_ALS (581-612), Candida_ALS (617-648), Candida_ALS (653-684), Candida_ALS (689-720), Candida_ALS (725-756), Candida_ALS (761-792), Candida_ALS (797-828), Candida_ALS (833-864), Candida_ALS (869-900), Candida_ALS (905-936), Candida_ALS (941-959), Candida_ALS_N (53-297), YDR124W_N (571-617), YDR124W_N (679-723)","Candida_ALS, Candida_ALS_N, YDR124W_N",NA,0.373,0.373,5672.24,"FILLFISLTVS, FTLTWWGY, IMGFVA, ITATVTNFW, ITTSYI, IVSTV, SFVTLISVTTA, SIVTVVQT, SLVLTTTVL, SWFYGLVTILFLF, TATVIV, TFTLI, TFVSATV, TVTFM, VIVVTT",15,0.329
15,Q6Y8G1,34740097,2.1114997,"Candida_ALS (332-363), Candida_ALS (366-398), Candida_ALS (403-434), Candida_ALS (440-471), Candida_ALS (476-507), Candida_ALS (512-543), Candida_ALS (548-579), Candida_ALS (584-615), Candida_ALS (620-651), Candida_ALS (656-687), Candida_ALS (692-723), Candida_ALS (728-759), Candida_ALS (764-795), Candida_ALS (800-831), Candida_ALS (836-867), Candida_ALS (872-903), Candida_ALS (908-939), Candida_ALS (944-975), Candida_ALS (980-1011), Candida_ALS_N (54-299)","Candida_ALS, Candida_ALS_N",MucB_RseB_C (2.7),0.352,0.352,5886.92,"FSFITSTV, FTSFF, ITLISY, LAFGLVVS, LFSVSV, LYLLYLLASFTTVIS, SLIWSYTY, SMVFSISVLG, SMVFTY, TATVFI, TFTLV, TIITTQFW, TILVL, TITVVT, TVTFF, TWYYT, VFGSVI, YSLWMMAFYMLFGL, YVSVSLTV",19,0.508
16,Q6FQ04,Q6FQ04_CANGA,2.0996249,"Hpf1_C (309-332), Hpf1_C (359-378), Hpf1_C (390-424), Hpf1_C (437-472), Hpf1_C (480-514), Hpf1_C (523-558), Hpf1_C (568-603), Hpf1_C (613-648), Hpf1_C (923-946), Hpf1_C (973-992), Hpf1_C (1004-1038), Hpf1_C (1051-1086), Hpf1_C (1094-1128), Hpf1_C (1137-1172), Hpf1_C (1182-1217), Hpf1_C (1227-1262), Hpf1_C (1272-1307), Hpf1_C (1375-1394), Hpf1_C (1423-1458), Hpf1_C (1526-1545), Hpf1_C (1574-1609), GLEYA (122-216), GLEYA (736-830), PA14 (95-226), PA14 (725-840), Cwp8_D2 (1376-1436), Cwp8_D2 (1527-1587), DUF2755 (69-130), DUF2755 (670-744)","Hpf1_C, GLEYA, PA14, Cwp8_D2, DUF2755","HypF_C (0.01), DUF5085 (0.28), DUF1214 (2.4)",0.277,0.4,10173.35,"AAIIFIA, AAIIFIA, ITITVT, ITITVT, IYGLTI, IYGLTI, LIVVLALCV, TIILTT, TIILTT, TIILTT, TIILTT, TIILTT, TIILTT, TIILTT, TIILTT, TIILTT, TITIT, TITIT, TIYMI, TLTITTSYLI, TLTITTSYLI, TLYMV, TTYTIYQVVV, TTYTIYQVVV, VLTAGLGIWIT, VMLTTI, VMLTTI, VVSYFT, VVSYFT, VVYVTIYTA, VVYVTIYTA, WIMKFLTVLLVFILNLDI, YTVTV, YTVTV, YVSYFITT, YVSYFITT",36,1.009
17,Q5A8T7,29373079,2.0962049,"Candida_ALS_N (53-298), Candida_ALS (328-361), Candida_ALS (365-396), Candida_ALS (401-432), Candida_ALS (438-469), Candida_ALS (474-505), Candida_ALS (510-541), Candida_ALS (546-577)","Candida_ALS_N, Candida_ALS",NA,0.38,0.38,3227.57,"FIATL, FISVALFFF, FTLLFLYLSFATA, GIVIVATT, IATLYV, IAVNF, ITTSYVGVT, LITTYA, TATVIV, VVNSILL",10,0.265
18,UPI000042F1D1,46439826,2.0913528,"Candida_ALS_N (53-298), Candida_ALS (328-361), Candida_ALS (365-396), Candida_ALS (401-432), Candida_ALS (438-469), Candida_ALS (474-505), Candida_ALS (510-541), Candida_ALS (546-577)","Candida_ALS_N, Candida_ALS",NA,0.38,0.38,3231.05,"FIATL, FISVALFFF, GIVIVATT, IATLYV, IAVNF, ITTSYVGVT, LITTYA, QFTLLFLYLSFATA, TATVIV, VVNSILL",10,0.265
19,O93865,4105851,2.0213944,"Candida_ALS_N (53-298), Candida_ALS (328-361), Candida_ALS (365-396), Candida_ALS (401-432), Candida_ALS (438-469), Candida_ALS (474-505), Candida_ALS (510-541), Candida_ALS (546-577), Candida_ALS (582-613), Candida_ALS (618-649), Candida_ALS (654-685), Candida_ALS (690-721), Candida_ALS (726-756)","Candida_ALS_N, Candida_ALS",NA,0.343,0.343,3696.86,"GIFITY, GIVIVATT, ITTSYVGVT, TATVIV, TTLWSTTWVI, TTTVI, TVIIY, VIQHSTWLCGLITLLSLF, VSTLFV, YTLLLIYLSVATA",10,0.354
20,Q9Y743,4903269,2.0145746,"Candida_ALS_N (53-298), Candida_ALS (328-361), Candida_ALS (365-396), Candida_ALS (401-432), Candida_ALS (438-469), Candida_ALS (474-505)","Candida_ALS_N, Candida_ALS",NA,0.38,0.38,3309.43,NA,0,0.204
21,A0A1D8PQ86,30841440,1.9970536,"Candida_ALS (364-395), Candida_ALS (400-431), Candida_ALS (437-468), Candida_ALS (473-504), Candida_ALS (509-540), Candida_ALS (545-576), Candida_ALS (581-612), Candida_ALS (617-648), Candida_ALS (653-684), Candida_ALS (689-720), Candida_ALS (725-756), Candida_ALS (761-792), Candida_ALS (797-828), Candida_ALS (833-864), Candida_ALS (869-900), Candida_ALS (905-936), Candida_ALS (941-972), Candida_ALS (977-1008), Candida_ALS (1013-1044), Candida_ALS (1049-1065), Candida_ALS_N (53-297), YDR124W_N (463-509), YDR124W_N (823-866), YDR124W_N (859-906), YDR124W_N (967-1013)","Candida_ALS, Candida_ALS_N, YDR124W_N",NA,0.375,0.375,5247.63,"FLLLLLYLTVS, FTLTWTGY, GTATVIV, IIVVTT, IMGFVT, ITTSYVGVT, ITTTVTTFWTGSV, IVSTV, SIIVM, SLVLTTTVL, SVIVM, SVIVM, SWFYGLVTILFLF, TFTLI, TFVSATV, TWTAVLGWSL, VIASTY",17,0.366
22,Q5A312,68479790,1.9857493,"Candida_ALS (332-363), Candida_ALS (366-398), Candida_ALS (403-434), Candida_ALS (440-471), Candida_ALS (476-507), Candida_ALS (512-543), Candida_ALS (548-579), Candida_ALS (584-615), Candida_ALS (620-651), Candida_ALS (656-687), Candida_ALS (692-723), Candida_ALS (728-759), Candida_ALS (764-795), Candida_ALS (800-831), Candida_ALS (836-867), Candida_ALS (872-903), Candida_ALS (908-939), Candida_ALS (944-975), Candida_ALS_N (54-299)","Candida_ALS, Candida_ALS_N",NA,0.354,0.354,5890.96,"FSFITSTV, FTSFF, ITLISY, LAFGLVVS, LFSVSV, LYLLYLLASFTTVIS, SLIWSYTY, SMVFSISVLG, SMVFTY, TATVFI, TFTLV, TIITTQFW, TILVL, TITVVT, TVTFF, TWYYT, VFGSVI, YSLWMMAFYMLFGL, YVSVSLTV",19,0.48
23,Q59L12,29373981,1.9817484,"Candida_ALS_N (53-298), Candida_ALS (328-361), Candida_ALS (365-396), Candida_ALS (401-432), Candida_ALS (438-469), Candida_ALS (474-505), Candida_ALS (510-541), Candida_ALS (546-577), Candida_ALS (582-613), Candida_ALS (618-649), Candida_ALS (654-685), Candida_ALS (690-721), Candida_ALS (726-756)","Candida_ALS_N, Candida_ALS",NA,0.344,0.344,4004.7,"GIFITY, GIVIVATT, ITTSYVGVT, TATVIV, TTLWSTTWVI, TTTTII, TTTVI, TVIIY, VIQHSTWLCGLITLLSLF, VSTLFV, VVFTT, YTLLLIYLSVATA",12,0.351
24,O74623,3273415,1.9804303,"Candida_ALS_N (53-298), Candida_ALS (328-361), Candida_ALS (365-396), Candida_ALS (401-432), Candida_ALS (438-469), Candida_ALS (474-505), Candida_ALS (510-541), Candida_ALS (546-577), Candida_ALS (582-613), Candida_ALS (618-649), Candida_ALS (654-685), Candida_ALS (690-721), Candida_ALS (726-757), Candida_ALS (762-793), Candida_ALS (798-828)","Candida_ALS_N, Candida_ALS",NA,0.342,0.342,4010.71,"GIFITY, GIVIVATT, ITTSYVGVT, TATVIV, TTLWSTTWVI, TTTTII, TTTVI, TVIIY, VIQHSTWLCGLITLLSLF, VSTLFV, VVFTT, YTLLLIYLSVATA",12,0.393
25,Q59L12,29373983,1.9610429,"Candida_ALS (328-361), Candida_ALS (365-396), Candida_ALS (401-432), Candida_ALS (438-469), Candida_ALS (474-505), Candida_ALS (510-541), Candida_ALS (546-577), Candida_ALS (582-613), Candida_ALS (618-649), Candida_ALS (654-685), Candida_ALS (690-721), Candida_ALS (726-757), Candida_ALS (762-793), Candida_ALS (798-829), Candida_ALS (834-864), Candida_ALS_N (53-298)","Candida_ALS, Candida_ALS_N",NA,0.345,0.345,4051.46,"GIFITY, GIVIVATT, ITTSYVGVT, TATVIV, TTLWSTTWVI, TTTVI, TTTVI, TTTVI, TVIIY, VIQHSTWLCGLITLLSLF, VSTLFV, VVFTT, YTLLLIYLSVATA",13,0.402
26,A0A1D8PQ86,68475743,1.9476847,"Candida_ALS (327-360), Candida_ALS (364-395), Candida_ALS (401-431), Candida_ALS (437-468), Candida_ALS (473-504), Candida_ALS (509-540), Candida_ALS (545-576), Candida_ALS (581-612), Candida_ALS (617-648), Candida_ALS (653-684), Candida_ALS (689-720), Candida_ALS (725-756), Candida_ALS (761-792), Candida_ALS (797-828), Candida_ALS (833-864), Candida_ALS (869-893), Candida_ALS_N (53-297), YDR124W_N (435-470), YDR124W_N (463-509), YDR124W_N (499-546), YDR124W_N (535-581), YDR124W_N (571-618), YDR124W_N (607-654), YDR124W_N (645-686), YDR124W_N (682-725), YDR124W_N (715-758), YDR124W_N (751-797), YDR124W_N (790-833), YDR124W_N (823-869)","Candida_ALS, Candida_ALS_N, YDR124W_N",iSirtuin (0.19),0.329,0.329,2534.84,"FILLFISLTVS, FTLTWWGY, IMGFVA, ITATVTNFW, ITTSYI, TATVIV, TVTFM, VIVVTT",8,0.541
27,A0A1D8PQB9,10952736,1.9217517,"Candida_ALS (328-361), Candida_ALS (365-396), Candida_ALS (401-432), Candida_ALS (438-469), Candida_ALS (474-505), Candida_ALS (510-541), Candida_ALS (546-577), Candida_ALS (582-613), Candida_ALS (618-649), Candida_ALS (654-685), Candida_ALS (690-721), Candida_ALS (726-757), Candida_ALS (762-793), Candida_ALS (798-829), Candida_ALS (834-865), Candida_ALS (870-901), Candida_ALS (906-937), Candida_ALS (942-973), Candida_ALS (978-1009), Candida_ALS (1014-1045), Candida_ALS (1050-1081), Candida_ALS (1086-1117), Candida_ALS (1122-1152), Candida_ALS_N (53-298)","Candida_ALS, Candida_ALS_N",NA,0.347,0.347,4145.56,"ATTLTI, AVSLF, GITIVVTT, GWLYVLLTAISIF, ISIVSTV, ITTSYVGVT, IYACV, LLQFLLLSLCVSVAT, TATVIV, TATVV, TSVLVTY, TWTAVIGW, VITGIF",13,0.488
28,Q6VBJ3,Q6VBJ3_CANGA,1.6968661,"Hpf1_C (568-602), Hpf1_C (624-658), Hpf1_C (680-714), Hpf1_C (736-770), Hpf1_C (792-826), Hpf1_C (848-882), Hpf1_C (904-938), Hpf1_C (960-994), Hpf1_C (1016-1050), Hpf1_C (1072-1106), Hpf1_C (1128-1162), GLEYA (132-229), PA14 (92-240), EF_0837-like_N (587-605), EF_0837-like_N (643-661), EF_0837-like_N (699-717), EF_0837-like_N (755-773), EF_0837-like_N (811-829), EF_0837-like_N (867-885), EF_0837-like_N (923-941), EF_0837-like_N (979-997), EF_0837-like_N (1035-1053), EF_0837-like_N (1091-1109), EF_0837-like_N (1147-1165)","Hpf1_C, GLEYA, PA14, EF_0837-like_N",BRCA2DBD_OB2 (5.7e-05),0.387,0.96,4843.34,"FTSYFF, GIISTITTTI, ITVFLVSGVY, IVLFCWTFFLQAL, LAVQLY, LFYVN, LLMLLMLTFI, LTYTNFTMILYGYF, TITVTVTV",9,0.591
29,Q6VBI9,34809539,1.6686915,"Hpf1_C (716-750), Hpf1_C (772-806), Hpf1_C (828-862), Hpf1_C (884-918), Hpf1_C (940-974), Hpf1_C (996-1030), GLEYA (132-229), PA14 (114-238), EF_0837-like_N (735-753), EF_0837-like_N (791-809), EF_0837-like_N (831-865), EF_0837-like_N (903-921), EF_0837-like_N (959-977), EF_0837-like_N (1015-1033)","Hpf1_C, GLEYA, PA14, EF_0837-like_N",BRCA2DBD_OB2 (0.019),0.31,0.31,3538.35,"FTSYFF, GIISTITTTI, IALFCWTFFLQAL, ITVFLVSGIY, LFYVN, LSSIFI, TLTYTNFTMILYGYF, TTTVTVTV",8,0.615
30,Q9HGK6,9754771,1.6578567,"Candida_ALS (332-363), Candida_ALS (366-398), Candida_ALS (403-434), Candida_ALS (440-471), Candida_ALS (476-507), Candida_ALS (512-543), Candida_ALS (548-579), Candida_ALS (584-615), Candida_ALS (620-651), Candida_ALS (656-687), Candida_ALS (692-723), Candida_ALS (728-759), Candida_ALS (764-795), Candida_ALS (800-831), Candida_ALS_N (54-299)","Candida_ALS, Candida_ALS_N",NA,0.374,0.374,5890.41,NA,0,0.531
31,Q6VBI8,34809540,1.5808679,"Hpf1_C (654-688), Hpf1_C (710-744), Hpf1_C (766-800), Hpf1_C (822-856), Hpf1_C (928-962), GLEYA (134-231), PA14 (117-242)","Hpf1_C, GLEYA, PA14","BRCA2DBD_OB2 (0.025), Baseplate_J (0.079), EF_0837-like_N (1.5)",0.297,0.297,4739.51,"FNWIIVCCLLIVQLAH, GIISTITTTI, GIISTITTTI, LHTFFV, LLYINF, LTVSNFTMILYGYF, TTTVTVTV, VKLLILVLCTFFLI, VSLFL, VTSTIYYIA",10,0.733
32,B4UN33,B4UN33_CANGA,1.546326,"Hpf1_C (839-873), Hpf1_C (895-929), Hpf1_C (951-985), Hpf1_C (1007-1041), Hpf1_C (1063-1097), GLEYA (134-231), PA14 (115-239), EF_0837-like_N (858-876), EF_0837-like_N (914-932), EF_0837-like_N (970-988), EF_0837-like_N (1026-1044), EF_0837-like_N (1082-1100)","Hpf1_C, GLEYA, PA14, EF_0837-like_N",NA,0.269,0.5,3134.36,"FNWIIVSYLLIVQW, GIISTITTTI, IHTFFV, ITSTIYYIA, LLLLVLI, LLYINF, LTVSNFTMLLYGYF, TTTVTVTV",8,0.706
33,B4UN22,B4UN22_CANGA,1.3385354,"GLEYA (101-195), PA14 (81-203), Hpf1_C (276-311), Hpf1_C (376-411), Hpf1_C (476-511), Hpf1_C (576-611), Hpf1_C (676-711), Hpf1_C (776-811), Hpf1_C (838-870)","GLEYA, PA14, Hpf1_C","GPR128_GAIN_subdom_B (1.1e-06), LpoB (5.3e-05), DUF364 (0.00014), Choline_bind_3 (0.00029), STK_08120-like (0.00052), NNMT_PNMT_TEMT (0.0014), Polyketide_cyc2 (0.81)",0.23,0.4,9326.82,"AAIIFLG, AFLIAT, FFTGLYGLTV, GFTVLVG, IINYW, ILVLQLFFI, ITTVTI, IYVSYFITVANNGVLIT, LGLLI, LIDCILKLFLLIGIAL, TLYLI, TYTIFLV, VISFVSTT, VTNLII, VVSYYI, WVSFFITT, WVSFFITT, WVSFFITT, WVSFFITT, WVSFFITT, YITVT, YITVT, YITVT, YITVT, YITVT",25,0.49
34,Q6FK96,Q6FK96_CANGA,1.2984506,"Hpf1_C (322-358), Hpf1_C (366-400), Hpf1_C (423-458), Hpf1_C (465-499), Hpf1_C (522-557), Hpf1_C (564-598), Hpf1_C (621-656), Hpf1_C (663-697), Hpf1_C (720-755), Hpf1_C (762-796), Hpf1_C (853-887), GLEYA (130-224), PA14 (113-236), MDMPI_N (360-434), MDMPI_N (449-533), MDMPI_N (548-632), MDMPI_N (647-731), MDMPI_N (746-796), Flocculin (259-293)","Hpf1_C, GLEYA, PA14, MDMPI_N, Flocculin",Ribosomal_S17e (3.5),0.265,0.42,6927.24,"FAYYF, FSFHVGTMLIVTCMLLAIAA, FTITNFTMLLYGYL, IAFTSTIYYVA, IYSYAL, TVVISY, TVVISY, TVVISY, TVVISY, VILHI, VLFFLQLTC, VTVYL, VVTYVTTAASY, VVYATT, VVYATT, VVYATT, VVYATT, WLCFI, YITTI, YVAYSV",20,0.409
35,Q6FII8,Q6FII8_CANGA,1.2690509,"GLEYA (107-201), PA14 (67-213), Hpf1_C (284-317), Hpf1_C (333-366), Hpf1_C (382-415), Hpf1_C (430-466)","GLEYA, PA14, Hpf1_C",DUF4860 (0.019),0.297,0.48,5497.33,"AITTVINGMTVTTV, ANFFTAVFISLLWYF, AVMYV, IISFY, IISFY, IISFY, IISFY, IVSWY, SLYFLTFLFMSSVLAA, TTVTII, TVVVT, TYFIKADLLVYMVAYFV, VVTLTTTY, VYTTV, YTYLL",15,0.258
36,B4UN20,B4UN20_CANGA,1.2642878,"Hpf1_C (283-318), Hpf1_C (329-363), Hpf1_C (422-455), Hpf1_C (513-547), Hpf1_C (554-589), Hpf1_C (613-647), Hpf1_C (654-689), Hpf1_C (713-747), Hpf1_C (813-847), Hpf1_C (854-889), Hpf1_C (913-947), Hpf1_C (1013-1047), Hpf1_C (1054-1089), Hpf1_C (1113-1147), Hpf1_C (1154-1189), Hpf1_C (1213-1247), Hpf1_C (1254-1289), Hpf1_C (1313-1347), Hpf1_C (1354-1389), Hpf1_C (1413-1447), Hpf1_C (1454-1489), Hpf1_C (1513-1547), Hpf1_C (1554-1589), Hpf1_C (1613-1647), Hpf1_C (1713-1747), Hpf1_C (1754-1789), Hpf1_C (1813-1847), Hpf1_C (1854-1889), Hpf1_C (1913-1947), Hpf1_C (1954-1989), Hpf1_C (2013-2047), Hpf1_C (2054-2089), Hpf1_C (2113-2147), Hpf1_C (2154-2189), Hpf1_C (2213-2247), Hpf1_C (2254-2289), Hpf1_C (2313-2347), Hpf1_C (2354-2389), Hpf1_C (2413-2447), Hpf1_C (2454-2489), Hpf1_C (2513-2547), Hpf1_C (2554-2589), Hpf1_C (2613-2647), Hpf1_C (2654-2689), Hpf1_C (2713-2747), Hpf1_C (2754-2789), Hpf1_C (2813-2847), Hpf1_C (2854-2889), Hpf1_C (2913-2947), Hpf1_C (2954-2989), Hpf1_C (3013-3047), Hpf1_C (3054-3089), Hpf1_C (3113-3147), Hpf1_C (3154-3189), Hpf1_C (3213-3247), Hpf1_C (3254-3289), Hpf1_C (3313-3347), Hpf1_C (3354-3389), Hpf1_C (3413-3447), Hpf1_C (3454-3489), Hpf1_C (3513-3547), Hpf1_C (3554-3589), Hpf1_C (3613-3647), Hpf1_C (3654-3689), Hpf1_C (3713-3747), Hpf1_C (3754-3789), Hpf1_C (3868-3888), Hpf1_C (3922-3949), Hpf1_C (3956-3991), Hpf1_C (4056-4091), GLEYA (107-201), PA14 (71-212)","Hpf1_C, GLEYA, PA14","LpoB (7.1e-22), Ig_J (8.3e-05), SUB1_ProdP9 (0.00063)",0.28,0.44,36922.16,"AAILFFA, CIILLIIVVVSI, FFTGLYGLTV, FTTTF, ITTVTI, IVSFFST, IVTSITLFNA, IVTSITLFNA, IVTSITLFNA, LCLLLLYMVRFAAAIVLAA, TLYLV, VIISA, VISYYTT, VISYYTT, VLSFWTT, VTTITIY, VVSFWTT, VVSFWTT, VVSFWTT, VVSFWTT, VVSFWTT, VVSFWTT, VVSFWTT, VVSFWTT, VVSFWTT, VVSFWTT, VVSFWTT, VVSFWTT, VVSFWTT, VVSFWTT, VVSFWTT, VVSFWTT, VVSFWTT, VVSFWTT, VVSFWTT, VVSFWTT, VVSFWTT, VVSFWTT, VVSFWTT, VVSFWTT, VVSFWTT, VVSFWTT, VVSFWTT, VVSFWTT, VVSFWTT, VVSFWTT, VVSFWTT, VVSFWTT, VYSYFITV, WISFFITV, WISFFITV, WISFFITV, WISFFITV, WISFFITV, WISFFITV, WISFFITV, WISFFITV, WISFFITV, WISFFITV, WISFFITV, WISFFITV, WISFFITV, WISFFITV, WISFFITV, WISFFITV, WISFFITV, WISFFITV, WISFFITV, WISFFITV, WISFFITV, WISFFITV, WISFFITV, WISFFITV, WISFFITV, WISFFITV, WISFFITV, WISFFITV, WISFFITV, WISFFITV, WISFFITV, WISFFITV, WISFFITV, WISFFITV, YISYFITT, YISYYIT, YTFTL, YVVVSYYTT, YVVVSYYTT",88,0.771
37,Q6VBJ4,Q6VBJ4_CANGA,1.237373,"Hpf1_C (594-628), Hpf1_C (650-684), Hpf1_C (706-740), Hpf1_C (762-796), Hpf1_C (818-852), Hpf1_C (874-908), Hpf1_C (930-964), GLEYA (132-229), PA14 (83-240), EF_0837-like_N (613-631), EF_0837-like_N (669-687), EF_0837-like_N (725-743), EF_0837-like_N (781-799), EF_0837-like_N (837-855), EF_0837-like_N (893-911), EF_0837-like_N (949-967)","Hpf1_C, GLEYA, PA14, EF_0837-like_N",BRCA2DBD_OB2 (0.0015),0.39,0.96,4752.94,"FTSYFF, GIISTITTTI, ITVFLVSGVY, IVLFCWTFFLQAL, LAVQLY, LFYVN, LLMLLMLTFI, LTYTNFTMILYGYF, TITVTVTV",9,0.502
38,Q6FR82,Q6FR82_CANGA,1.2337498,"Flocculin (269-309), Flocculin (344-384), Flocculin (499-539), Flocculin (558-598), Flocculin (617-657), Flocculin (676-716), GLEYA (143-240), PA14 (128-252)","Flocculin, GLEYA, PA14","LZ_Tnp_IS481 (0.22), Fibulin_C (0.62)",0.316,0.56,7980.06,"AYALW, FTLSNFTMLLYGYF, IIVATAS, INILTVFLFAYFV, ISTYV, LLFLNF, SFFTSTII, SFFTSTII, SFFTSTII, TFTIFA, TVFVV, TVFVV, TVFVV, TVFVV, TVFVV, VSSTYLIILTIIMTAICL, VSTITTISTY, VSTITTISTYTTYIT, VSTITTISTYTTYIT, VSTITTISTYTTYIT, VTSTIF",21,0.281
39,Q6FK94,Q6FK94_CANGA,1.1944518,"GLEYA (140-237), PA14 (126-251)","GLEYA, PA14","CBM_14 (0.1), Trypan_PARP (6.9)",0.294,0.52,4129.49,"ALLIFTIANIL, ITTTNFTMLLYGYF, LQITTLV, SVVISTIS, TFGNYVAWAIW, TFTANILFCLLLLL, TIYYVG, VSYFL, YTTISAFF",9,0.355
40,Q6FUW5,Q6FUW5_CANGA,1.1389671,"GLEYA (141-238), PA14 (108-248)","GLEYA, PA14",NA,0.336,0.62,3948.29,"ALSFTF, CVCIYTTLILLLLT, IATNIVSISTF, IIGYIS, IIMTSL, INFYY, LLFVNFG, LTTITTIT, MTNFTMLLYGYF, QAYAIW, SIIIAS, TTSILF, YTQLLLMLIGIIVMNI",13,0.176
41,B4UMX2,B4UMX2_CANGA,1.0800548,"GLEYA (173-268), PA14 (161-281)","GLEYA, PA14",Utp14 (0.13),0.168,0.64,4345.54,"FILFNFG, FMVGF, IFWYLTLLFLFNLA, IITITTTVTGF, ITFSNFTMVLSGYF, LMMVGLVFN, TTTITTIIT, VGGVVI, VITIYYI, YVAYAM",10,0.423
42,Q6FUW3,Q6FUW3_CANGA,1.0706172,"GLEYA (134-231), Hpf1_C (700-734), PA14 (116-243)","GLEYA, Hpf1_C, PA14",NA,0.265,0.48,3234.99,"GIISTITTTI, LHTFFV, LLILVLCTFFL, LLYINF, LTVSNFTMILYGYF, TTTVTVTV, VSLFL, VTSTIYYIA",8,0.471
43,Q8NK61,21630042,1.0626984,NA,NA,ORF20A (0.14),0.112,0.112,1999.13,NA,0,0.64
44,Q6FQ05,Q6FQ05_CANGA,1.061668,"GLEYA (107-201), PA14 (95-211), Hpf1_C (282-317), Hpf1_C (339-366), Hpf1_C (423-456), Hpf1_C (513-545), Hpf1_C (552-587), Hpf1_C (611-645), Hpf1_C (652-687), Hpf1_C (711-745), Hpf1_C (752-787)","GLEYA, PA14, Hpf1_C",NA,0.282,0.44,8658.55,"AAIIFFG, AITVVGT, AITVVGT, AITVVGT, IIASTTLTI, IISYWTT, ITITI, IVNTI, LSVALVIILVQFL, LTTVTL, LYLLVQL, VISFYTTV, VLISATTIY, VLISATTIY, VVSYY, VVTYWTMT, VYGLTV, VYSYFITL, VYSYFITL, WISFFIT, WISFFIT, WISFFIT, YFHFLILCLLSLIGLVLAA, YSFFSAL",24,0.506
45,Q6FX55,Q6FX55_CANGA,1.0301433,"GLEYA (141-238), PA14 (129-250)","GLEYA, PA14",DUF3858 (1.1),0.312,0.58,3002.51,"IILQI, IMVSI, INFYY, LLFVNFG, LTMTNFTMLLYGYF, QAYAVW, TTILSTLIT, VTMSGATVLFFFIVQLFGM, WLIIWTSL",9,0.122
46,Q8NK60,21630044,1.0006836,NA,NA,ORF20A (6.3),0.116,0.116,1999.13,NA,0,0.585
47,Q6FQ10,Q6FQ10_CANGA,1.0006264,"Hpf1_C (279-318), Hpf1_C (326-361), Hpf1_C (464-499), Hpf1_C (584-619), Hpf1_C (781-816), Hpf1_C (956-991), Hpf1_C (1087-1122), Hpf1_C (1184-1202), Hpf1_C (1260-1294), Hpf1_C (1304-1338), Hpf1_C (1348-1383), Hpf1_C (1390-1425), GLEYA (103-199), PA14 (42-209), Asparaginase_C (334-378)","Hpf1_C, GLEYA, PA14, Asparaginase_C","Zn_Ribbon_Topo (0.00079), AMIN-like (2.1)",0.275,0.66,5961.09,"FSNVINFCFWLTLFLTVG, GTYTFALYLT, IGVTTVLTILLFTL, ILINFSL, TLTVYMVAGVA, TSTIFSIYTGV, TTVVT, TTVVT, TTVVT, TTVVT, TTVVT, TVILTQY, TVILTQY, TVILTQY, TVILTQY, TVILTQY, VISFFST, VITSITY, VVGVT, VVILT",20,0.624
48,NA,NA,1.0004748,"Bys1 (25-176), Flocculin_t3 (102-145), Flocculin_t3 (275-314)","Bys1, Flocculin_t3","Acp26Ab (0.06), # (2025)",0.215,0.215,1203.68,NA,0,0
51,NA,NA,1.0004748,"Bys1 (25-176), Flocculin_t3 (102-145), Flocculin_t3 (275-314)","Bys1, Flocculin_t3","Acp26Ab (0.06), # (2025)",0.352,0.352,3201.05,NA,0,0
52,Q6FX25,Q6FX25_CANGA,1.0002557,"GLEYA (137-232), PA14 (109-245)","GLEYA, PA14",Flocculin (0.025),0.287,0.5,5561.96,"IALSLLVSQLVLYLSLA, ITLTNFTMLLYGYF, ITSTIYYVA, QTIIIVC, TTITTTVVT, TVIGTVY, VSSIVMSAVAGLLFALV",7,0.254
53,B4UMX0,B4UMX0_CANGA,1.0001512,"GLEYA (174-270), PA14 (163-282)","GLEYA, PA14",NA,0.186,0.62,3895.3,"FILFNFGA, IFRYLTLLFLFELA, IITITTTVTGF, ITFSNFTMVLSGYF, LMMVGLVFN, VITIYYI, YLFML, YVAYAM",8,0.544
54,Q6DTM6,49617212,1.0000041,"GLEYA (141-238), PA14 (107-250)","GLEYA, PA14",DUF3858 (1.1),0.314,0.314,2917.01,"IILQV, IMVSI, INFYY, LLFVNFG, LVTMTGATVLFFFIVQLFGM, MTNFTMLLYGYF, QAYAVW, TVSTLI, WLIIWTSL",9,0.077
55,Q6VBJ0,34809538,1.0000026,"GLEYA (141-238), PA14 (108-248)","GLEYA, PA14",NA,0.335,0.335,3997.49,"ALSFTF, CVCIYTTLILLLLT, IATNIVSISTF, IIGYIS, IIISQF, IIMTSL, INFYY, LLFVNFG, LTTITTIT, MTNFTMLLYGYF, QAYAIW, SIIIAS, TTSILF, YTQLLLMLIGIIVMNI",14,0.175
56,Q6FVP4,Q6FVP4_CANGA,0.99978383,"GLEYA (154-251), PA14 (142-261)","GLEYA, PA14",NA,0.225,0.46,5820.93,"AFSLWGI, AIFNFSF, ITLSNFTMILFGYF, LIIGVILL, LITIKWFSDVSTLFSYVI, LIYLNF, LVHVINVT, SWALIYAILHSLAVVC, TLTVYL, YFFASSV, YFFFL",11,0.035
57,Q6DTM7,49617210,0.99906365,"GLEYA (141-238), PA14 (129-250)","GLEYA, PA14",NA,0.31,0.31,2772.83,"IILQI, IMVSI, INFYY, LLFVNFG, LTMTNFTMLLYGYF, QAYAVW, VTMSGATVLFFFIVQLFGM, WLIIWTSL",8,0.122